newspaper,bidirectional_sum,canonical_to_headline,headline_to_canonical,jensen_shannon,register_overlap
The-Hindu,14.854357517486783,8.747283499673527,6.1070740178132565,2.448256496930788,0.3964285714285714
