newspaper,bidirectional_sum,canonical_to_headline,headline_to_canonical,jensen_shannon,register_overlap
The-Hindu,17.98989548580845,8.732400029896938,9.257495455911512,3.3096586862945143,0.4400871459694989
