newspaper,parse_type,dimension,canonical_to_headline_ce,headline_to_canonical_ce,bidirectional_sum,jensen_shannon_divergence,register_overlap_ratio,total_events
Times-of-India,both,Times-of-India_both,11.588204067241037,21.12797070385596,32.716174771097,14.314061729304873,0.2962962962962963,3927
Times-of-India,dependency,Times-of-India_dependency,11.620439635644697,7.6338207848339525,19.25426042047865,4.049321578898992,0.37781954887218044,16294
Times-of-India,constituency,Times-of-India_constituency,4.1218798945719755,3.9685871749462946,8.09046706951827,0.4346935877709561,0.70625,21395
