newspaper,parse_type,dimension,canonical_to_headline_ce,headline_to_canonical_ce,bidirectional_sum,jensen_shannon_divergence,register_overlap_ratio,total_events
Times-of-India,both,Times-of-India_both,5.585882316036586,28.039495903388133,33.62537821942472,14.96326270076105,0.2962962962962963,2928
Times-of-India,dependency,Times-of-India_dependency,11.620439635644697,7.6338207848339685,19.254260420478666,4.049321578899001,0.37781954887218044,16294
Times-of-India,constituency,Times-of-India_constituency,4.121879894571974,3.9685871749462924,8.090467069518265,0.4346935877709541,0.70625,21395
