{
  "total_events": 33463,
  "lexical_hits": 3256,
  "syntactic_hits": 10624,
  "default_hits": 14987,
  "no_rule": 4596,
  "correct": 15973,
  "incorrect": 12894,
  "accuracy": 55.33307929469636,
  "coverage": 86.26542748707527
}