{
  "total_events": 21345,
  "lexical_hits": 1418,
  "syntactic_hits": 5760,
  "default_hits": 9868,
  "no_rule": 4299,
  "correct": 8600,
  "incorrect": 8446,
  "accuracy": 50.451718878329224,
  "coverage": 79.85945186226282
}