newspaper,parse_type,dimension,canonical_to_headline_ce,headline_to_canonical_ce,bidirectional_sum,jensen_shannon_divergence,register_overlap_ratio,total_events
Hindustan-Times,both,Hindustan-Times_both,7.436707904891651,19.094137370204194,26.530845275095846,10.9982830429779,0.4,4977
Hindustan-Times,dependency,Hindustan-Times_dependency,13.192524864912299,7.6997348291976735,20.892259694109974,5.0555722222337875,0.37423312883435583,20199
Hindustan-Times,constituency,Hindustan-Times_constituency,4.443167615100772,3.9756038872468724,8.418771502347644,0.5693399993982247,0.6949152542372882,24391
