newspaper,bidirectional_sum,canonical_to_headline,headline_to_canonical,jensen_shannon,register_overlap
Times-of-India,66.43856189774725,33.219280948873624,33.219280948873624,33.219280948873624,0.0
The-Hindu,66.43856189774725,33.219280948873624,33.219280948873624,33.219280948873624,0.0
Hindustan-Times,66.43856189774725,33.219280948873624,33.219280948873624,33.219280948873624,0.0
