newspaper,canonical_to_headline_ce,headline_to_canonical_ce,bidirectional_sum,jensen_shannon_divergence,register_overlap_ratio,kl_divergence_sum,total_events,unique_canonical_values,unique_headline_values
Times-of-India,33.219280948873624,33.219280948873624,66.43856189774725,33.219280948873624,0.0,66.43856189774725,1,1,1
The-Hindu,33.219280948873624,33.219280948873624,66.43856189774725,33.219280948873624,0.0,66.43856189774725,1,1,1
Hindustan-Times,33.219280948873624,33.219280948873624,66.43856189774725,33.219280948873624,0.0,66.43856189774725,1,1,1
