newspaper,bidirectional_sum,canonical_to_headline,headline_to_canonical,jensen_shannon,register_overlap
The-Hindu,66.43856189774725,33.219280948873624,33.219280948873624,33.219280948873624,0.0
Hindustan-Times,66.43856189774725,33.219280948873624,33.219280948873624,33.219280948873624,0.0
Times-of-India,34.21928094907362,17.10964047453681,17.10964047453681,16.10964047453681,0.3333333333333333
