{
  "global_cross_entropy": {
    "canonical_to_headline_cross_entropy": 17.609640474836812,
    "headline_to_canonical_cross_entropy": 17.609640474836812,
    "bidirectional_cross_entropy_sum": 35.219280949673625,
    "canonical_entropy": 2.0,
    "headline_entropy": 2.0,
    "kl_canonical_to_headline": 15.609640474836812,
    "kl_headline_to_canonical": 15.609640474836812,
    "kl_divergence_sum": 31.219280949673625,
    "jensen_shannon_divergence": 15.609640474836812,
    "total_events": 4,
    "unique_canonical_values": 4,
    "unique_headline_values": 4,
    "unique_combined_values": 6,
    "register_overlap_ratio": 0.3333333333333333
  },
  "by_newspaper_cross_entropy": {
    "Times-of-India": {
      "canonical_to_headline_cross_entropy": 17.10964047453681,
      "headline_to_canonical_cross_entropy": 17.10964047453681,
      "bidirectional_cross_entropy_sum": 34.21928094907362,
      "canonical_entropy": 1.0,
      "headline_entropy": 1.0,
      "kl_canonical_to_headline": 16.10964047453681,
      "kl_headline_to_canonical": 16.10964047453681,
      "kl_divergence_sum": 32.21928094907362,
      "jensen_shannon_divergence": 16.10964047453681,
      "total_events": 2,
      "unique_canonical_values": 2,
      "unique_headline_values": 2,
      "unique_combined_values": 3,
      "register_overlap_ratio": 0.3333333333333333
    },
    "The-Hindu": {
      "canonical_to_headline_cross_entropy": 33.219280948873624,
      "headline_to_canonical_cross_entropy": 33.219280948873624,
      "bidirectional_cross_entropy_sum": 66.43856189774725,
      "canonical_entropy": -0.0,
      "headline_entropy": -0.0,
      "kl_canonical_to_headline": 33.219280948873624,
      "kl_headline_to_canonical": 33.219280948873624,
      "kl_divergence_sum": 66.43856189774725,
      "jensen_shannon_divergence": 33.219280948873624,
      "total_events": 1,
      "unique_canonical_values": 1,
      "unique_headline_values": 1,
      "unique_combined_values": 2,
      "register_overlap_ratio": 0.0
    },
    "Hindustan-Times": {
      "canonical_to_headline_cross_entropy": 33.219280948873624,
      "headline_to_canonical_cross_entropy": 33.219280948873624,
      "bidirectional_cross_entropy_sum": 66.43856189774725,
      "canonical_entropy": -0.0,
      "headline_entropy": -0.0,
      "kl_canonical_to_headline": 33.219280948873624,
      "kl_headline_to_canonical": 33.219280948873624,
      "kl_divergence_sum": 66.43856189774725,
      "jensen_shannon_divergence": 33.219280948873624,
      "total_events": 1,
      "unique_canonical_values": 1,
      "unique_headline_values": 1,
      "unique_combined_values": 2,
      "register_overlap_ratio": 0.0
    }
  },
  "by_parse_type_cross_entropy": {
    "dependency": {
      "canonical_to_headline_cross_entropy": 12.129735316930475,
      "headline_to_canonical_cross_entropy": 12.129735316930473,
      "bidirectional_cross_entropy_sum": 24.25947063386095,
      "canonical_entropy": 1.584962500721156,
      "headline_entropy": 1.584962500721156,
      "kl_canonical_to_headline": 10.544772816209319,
      "kl_headline_to_canonical": 10.544772816209317,
      "kl_divergence_sum": 21.089545632418634,
      "jensen_shannon_divergence": 10.544772816209317,
      "total_events": 3,
      "unique_canonical_values": 3,
      "unique_headline_values": 3,
      "unique_combined_values": 4,
      "register_overlap_ratio": 0.5
    },
    "constituency": {
      "canonical_to_headline_cross_entropy": 33.219280948873624,
      "headline_to_canonical_cross_entropy": 33.219280948873624,
      "bidirectional_cross_entropy_sum": 66.43856189774725,
      "canonical_entropy": -0.0,
      "headline_entropy": -0.0,
      "kl_canonical_to_headline": 33.219280948873624,
      "kl_headline_to_canonical": 33.219280948873624,
      "kl_divergence_sum": 66.43856189774725,
      "jensen_shannon_divergence": 33.219280948873624,
      "total_events": 1,
      "unique_canonical_values": 1,
      "unique_headline_values": 1,
      "unique_combined_values": 2,
      "register_overlap_ratio": 0.0
    }
  },
  "cross_dimensional_cross_entropy": {
    "Times-of-India_dependency": {
      "canonical_to_headline_cross_entropy": 17.10964047453681,
      "headline_to_canonical_cross_entropy": 17.10964047453681,
      "bidirectional_cross_entropy_sum": 34.21928094907362,
      "canonical_entropy": 1.0,
      "headline_entropy": 1.0,
      "kl_canonical_to_headline": 16.10964047453681,
      "kl_headline_to_canonical": 16.10964047453681,
      "kl_divergence_sum": 32.21928094907362,
      "jensen_shannon_divergence": 16.10964047453681,
      "total_events": 2,
      "unique_canonical_values": 2,
      "unique_headline_values": 2,
      "unique_combined_values": 3,
      "register_overlap_ratio": 0.3333333333333333
    },
    "The-Hindu_constituency": {
      "canonical_to_headline_cross_entropy": 33.219280948873624,
      "headline_to_canonical_cross_entropy": 33.219280948873624,
      "bidirectional_cross_entropy_sum": 66.43856189774725,
      "canonical_entropy": -0.0,
      "headline_entropy": -0.0,
      "kl_canonical_to_headline": 33.219280948873624,
      "kl_headline_to_canonical": 33.219280948873624,
      "kl_divergence_sum": 66.43856189774725,
      "jensen_shannon_divergence": 33.219280948873624,
      "total_events": 1,
      "unique_canonical_values": 1,
      "unique_headline_values": 1,
      "unique_combined_values": 2,
      "register_overlap_ratio": 0.0
    },
    "Hindustan-Times_dependency": {
      "canonical_to_headline_cross_entropy": 33.219280948873624,
      "headline_to_canonical_cross_entropy": 33.219280948873624,
      "bidirectional_cross_entropy_sum": 66.43856189774725,
      "canonical_entropy": -0.0,
      "headline_entropy": -0.0,
      "kl_canonical_to_headline": 33.219280948873624,
      "kl_headline_to_canonical": 33.219280948873624,
      "kl_divergence_sum": 66.43856189774725,
      "jensen_shannon_divergence": 33.219280948873624,
      "total_events": 1,
      "unique_canonical_values": 1,
      "unique_headline_values": 1,
      "unique_combined_values": 2,
      "register_overlap_ratio": 0.0
    }
  },
  "cross_entropy_statistics": {
    "newspaper_comparison": {
      "ranked_newspapers": [
        {
          "newspaper": "The-Hindu",
          "bidirectional_sum": 66.43856189774725,
          "canonical_to_headline": 33.219280948873624,
          "headline_to_canonical": 33.219280948873624,
          "jensen_shannon": 33.219280948873624,
          "register_overlap": 0.0
        },
        {
          "newspaper": "Hindustan-Times",
          "bidirectional_sum": 66.43856189774725,
          "canonical_to_headline": 33.219280948873624,
          "headline_to_canonical": 33.219280948873624,
          "jensen_shannon": 33.219280948873624,
          "register_overlap": 0.0
        },
        {
          "newspaper": "Times-of-India",
          "bidirectional_sum": 34.21928094907362,
          "canonical_to_headline": 17.10964047453681,
          "headline_to_canonical": 17.10964047453681,
          "jensen_shannon": 16.10964047453681,
          "register_overlap": 0.3333333333333333
        }
      ],
      "most_divergent": "The-Hindu",
      "least_divergent": "Times-of-India",
      "average_bidirectional_ce": 55.69880158152271
    },
    "parse_type_comparison": {
      "ranked_parse_types": [
        {
          "parse_type": "constituency",
          "bidirectional_sum": 66.43856189774725,
          "jensen_shannon": 33.219280948873624,
          "register_overlap": 0.0
        },
        {
          "parse_type": "dependency",
          "bidirectional_sum": 24.25947063386095,
          "jensen_shannon": 10.544772816209317,
          "register_overlap": 0.5
        }
      ],
      "most_divergent_parse_type": "constituency"
    },
    "feature_ranking": {},
    "overall_metrics": {
      "global_bidirectional_sum": 35.219280949673625,
      "global_jensen_shannon": 15.609640474836812,